Month,Create-to-Closed Time
1,41.02459729839528
2,58.98521982414079
3,82.02368946566544
4,102.84730667149246
5,163.68652405088463
6,195.583322929671
7,106.7306305984373
8,119.1953698464025
9,145.00304519702365
10,
11,
12,
