Month,Create-to-Closed Time
1,39.90177074542898
2,62.62352441338852
3,74.46525394279598
4,56.6501152802893
5,99.03754980202916
6,99.41450010968539
7,108.58065274988851
8,104.7296237983129
9,88.04653572764678
10,
11,
12,
