Month,Create-to-Closed Time
1,18.71722431865829
2,36.92646715167549
3,141.40681605975718
4,74.26938034188036
5,149.38719072164946
6,128.0246166341779
7,70.14566104078764
8,80.71358735380117
9,199.2173474945533
10,
11,
12,
