Month,Create-to-Closed Time
1,20.255274470899476
2,32.958611111111104
3,69.36385995370368
4,212.8209343434343
5,90.0825607638889
6,152.61304149085794
7,54.26954422869469
8,183.59275852585262
9,86.65309210526316
10,
11,
12,
