Month,Create-to-Closed Time
1,42.734872222222215
2,48.87067337807609
3,95.83045728678863
4,147.43086576424122
5,190.9277709378327
6,138.38464695752018
7,53.64924613654143
8,86.33319096497343
9,92.09053729645586
10,
11,
12,
