Month,Create-to-Closed Time
1,12.311286414024233
2,37.483275613275644
3,67.1353122308355
4,118.93670411985023
5,232.38795295295284
6,250.6971687054027
7,85.04773073476701
8,93.90463969404182
9,105.79613756613759
10,
11,
12,
