Month,Create-to-Closed Time
1,17.813735104669874
2,42.670066742944385
3,77.99006400966185
4,140.5993404808317
5,191.033894675926
6,103.48410539215682
7,96.41551446416834
8,182.90365490490487
9,159.4527423747276
10,
11,
12,
