Month,Create-to-Closed Time
1,32.71730189255184
2,62.635210974077815
3,62.46009855152183
4,43.39404103576914
5,66.95047053649965
6,99.91881606266521
7,119.12448504556141
8,78.62980621693114
9,110.82757231732451
10,
11,
12,
