Month,Create-to-Closed Time
1,33.60314814814814
2,58.97623456790123
3,116.62283333333335
4,0.8078073286052009
5,1.7456851851851847
6,13.501230158730152
7,86.08411764705885
8,87.12808479532164
9,44.606301169590644
10,
11,
12,
