Month,Create-to-Closed Time
1,40.87273057371096
2,44.787257356170386
3,123.22569338422399
4,121.87053399289705
5,344.2297114632236
6,167.56722377840006
7,71.70531565656566
8,74.84394414030818
9,87.36588060335663
10,
11,
12,
