Month,Create-to-Closed Time
1,38.066514387733726
2,55.84034883720929
3,89.79052377589446
4,113.54127821753147
5,155.34347771782575
6,154.57241176470615
7,129.89167925055915
8,145.64605934167824
9,183.95749566536628
10,
11,
12,
