Month,Create-to-Closed Time
1,46.980025313082834
2,78.77096752549654
3,75.77080931665759
4,82.77411697796933
5,205.22733333333335
6,97.14742866591077
7,109.49399935826918
8,112.84867754592474
9,126.57370287327689
10,
11,
12,
