Month,Create-to-Closed Time
1,39.32547330266274
2,75.10442924063118
3,86.7482784722221
4,102.43153220367552
5,144.7841884086189
6,158.08305902111314
7,152.7559967654068
8,135.59018547363578
9,110.04597969208955
10,
11,
12,
