Month,Create-to-Closed Time
1,43.07392557651991
2,58.06001758087202
3,107.56870801033601
4,238.8539696611506
5,308.8908366500831
6,181.06158411033394
7,170.0413867438866
8,164.9440168930687
9,174.02083448593817
10,
11,
12,
