Month,Create-to-Closed Time
1,43.62703760508976
2,61.02659159159162
3,80.48316448346337
4,134.80465447154464
5,58.044097504746425
6,181.09330560101824
7,89.82372857142853
8,83.88098258394045
9,98.56765977147356
10,
11,
12,
