Month,Create-to-Closed Time
1,51.77263027733615
2,61.35947565049227
3,107.6304776651653
4,117.16947030141841
5,98.53339683710274
6,139.34930881076386
7,109.80175712719296
8,147.51721262160788
9,197.87509717427417
10,
11,
12,
