Month,Create-to-Closed Time
1,42.71153835978838
2,56.75025934915496
3,103.52622387669796
4,93.93380378540301
5,85.91281015390386
6,151.5668227164562
7,100.34304142542054
8,107.51659825033644
9,87.29681839734468
10,
11,
12,
