Month,Create-to-Closed Time
1,36.690778278278145
2,52.647860374578826
3,68.25087236533948
4,85.24068373071515
5,171.92045125482696
6,162.70013345292492
7,112.96451071349671
8,124.41155348759223
9,183.8968532125073
10,
11,
12,
