Month,Create-to-Closed Time
1,47.52419087665646
2,78.20787406352223
3,81.50497074865848
4,89.67155768533621
5,54.26154940654951
6,158.90630721989987
7,130.85028332639777
8,145.30678740238383
9,98.09356685892327
10,
11,
12,
