Month,Create-to-Closed Time
1,45.03177761580823
2,90.97285271782577
3,90.68065145502652
4,119.39341757741362
5,124.7283745318352
6,181.37722547924798
7,156.23681707629305
8,139.86012118736383
9,298.4561293379991
10,
11,
12,
