Month,Create-to-Closed Time
1,41.74891002044988
2,75.87694813829796
3,96.16526833247467
4,98.05980755555542
5,87.59218678967775
6,153.47255166312794
7,142.73325266860743
8,120.83924340218036
9,84.62795278014575
10,
11,
12,
