Month,Create-to-Closed Time
1,41.174
2,32.537344444444436
3,33.58148550724638
4,0.25125
5,271.89185185185187
6,487.39977124183
7,54.54731481481482
8,69.59283950617284
9,11.679242424242425
10,
11,
12,
