Month,Create-to-Closed Time
1,39.49750156054927
2,72.13994199659436
3,93.33543236714975
4,215.32065243484234
5,186.5132504970178
6,192.23694074778203
7,124.83748292349718
8,163.69228026534
9,151.59806710289976
10,
11,
12,
