Month,Create-to-Closed Time
1,38.26210739282587
2,70.25134661835759
3,62.4438691801151
4,52.120459894008825
5,54.644984135871724
6,85.0251244367598
7,116.76506205413855
8,91.7973645229161
9,126.73976721552106
10,
11,
12,
