Month,Create-to-Closed Time
1,45.181142522788846
2,94.45639183769762
3,98.64112671660419
4,80.17708941264493
5,42.05424844391473
6,100.68165504022096
7,106.37929264766622
8,91.02796931282901
9,175.89842556704
10,
11,
12,
