Month,Create-to-Closed Time
1,44.53043911719939
2,60.71463577362418
3,92.27545507794902
4,49.84579496499721
5,72.15262673317022
6,97.08690820142404
7,138.99521888598787
8,145.26908962264127
9,107.99012425021422
10,
11,
12,
