Month,Create-to-Closed Time
1,36.48000657030224
2,62.57891869514824
3,90.94851929012347
4,109.68152298850579
5,95.39757168458782
6,123.73579695013923
7,84.77083584431887
8,93.13890736890735
9,135.5489425543404
10,
11,
12,
