Month,Create-to-Closed Time
1,44.31960714959446
2,81.40846756519815
3,136.25303066507365
4,192.44732204861117
5,137.90130006703535
6,156.20308060713242
7,85.41164209115274
8,131.82281271837883
9,116.87418262653898
10,
11,
12,
