Month,Create-to-Closed Time
1,34.89542490667942
2,63.23704070201652
3,88.9477521805083
4,55.33706330749354
5,30.69610789166572
6,69.87693056828576
7,54.70983543827982
8,41.49714784834652
9,92.03472824183521
10,
11,
12,
