Month,Create-to-Closed Time
1,36.107405090782756
2,73.96830776956081
3,66.1390884353741
4,43.665605180343796
5,60.74626794763531
6,76.75418425789547
7,74.36099182047569
8,71.70308537679435
9,171.02712531514547
10,
11,
12,
