Month,Create-to-Closed Time
1,15.665586473429949
2,32.00041391391391
3,68.38735815602834
4,81.90369689542482
5,48.85112090290662
6,108.4416212550129
7,94.75487492182613
8,84.80970833333338
9,137.7969933127572
10,
11,
12,
