Month,Create-to-Closed Time
1,43.90501593453923
2,76.420699981543
3,83.57377245053269
4,78.90966974531202
5,97.34990167906254
6,167.670161321115
7,157.76731746031757
8,107.76561973525874
9,111.52542530996669
10,
11,
12,
