Month,Create-to-Closed Time
1,45.22337919287218
2,78.49842676146196
3,73.24542932807539
4,35.653705485512155
5,68.3744499156525
6,107.75413904430869
7,89.47985496487871
8,105.09105986130155
9,101.42842762212616
10,
11,
12,
