Month,Create-to-Closed Time
1,54.09922528433945
2,66.09790298645885
3,89.10635242211416
4,31.27083524640342
5,68.46429759008228
6,105.18679996612458
7,221.58011629188735
8,164.16209460250514
9,184.13211097461098
10,
11,
12,
