Month,Create-to-Closed Time
1,42.38356167176349
2,114.00989207957964
3,88.69898829168632
4,40.476284722222225
5,60.402224173822674
6,155.81431786531388
7,138.72915220983066
8,141.713173392649
9,119.26357207381592
10,
11,
12,
