Month,Create-to-Closed Time
1,56.82483936812213
2,52.3877767215885
3,70.82555739921341
4,36.12210849186658
5,31.022879572118715
6,98.15836161514343
7,155.2751267905537
8,148.2122789043798
9,76.04077732974906
10,
11,
12,
