Month,Create-to-Closed Time
1,42.410098319969435
2,77.22492924292423
3,77.29554225668669
4,52.03584632034637
5,53.685336372846926
6,135.91188770475625
7,97.86724470899476
8,76.35955624933295
9,182.31220487115183
10,
11,
12,
