Month,Create-to-Closed Time
1,30.787021372473287
2,55.13330854793854
3,54.93830035724104
4,34.24565950769835
5,25.651835584033847
6,68.84892219541611
7,36.02657369189065
8,51.27695783132535
9,136.44242963409715
10,
11,
12,
