Month,Create-to-Closed Time
1,0.9603703703703704
2,0.0
3,514.0544444444445
4,0.055
5,
6,9.68861111111111
7,116.81048611111113
8,25.04652777777778
9,18.177222222222223
10,
11,
12,
