Month,Create-to-Closed Time
1,42.90519097222222
2,13.649537037037037
3,128.6226851851852
4,26.69028395061728
5,40.807103174603185
6,174.5876099537037
7,89.5129475308642
8,126.96497023809525
9,233.2162719298246
10,
11,
12,
