Month,Create-to-Closed Time
1,35.85861111111112
2,1.5197222222222222
3,288.0002777777778
4,0.1569444444444444
5,1.0094444444444444
6,
7,
8,
9,306.90037037037035
10,
11,
12,
