Month,Create-to-Closed Time
1,
2,
3,166.79861111111111
4,
5,
6,
7,
8,
9,230.31333333333333
10,
11,
12,
