Month,Create-to-Closed Time
1,43.35751298027004
2,83.09603927203067
3,89.55936868686874
4,127.33654280510036
5,117.02190405539066
6,173.06082439896028
7,92.42919611588664
8,139.39344861111118
9,139.18892170329676
10,
11,
12,
