Month,Create-to-Closed Time
1,58.66432098765433
2,111.08580128205125
3,105.52184444444445
4,41.61338164251207
5,48.33490143369175
6,107.79601254480284
7,79.13169312169313
8,67.67675120772944
9,63.634419191919214
10,
11,
12,
