Month,Create-to-Closed Time
1,50.46937748015872
2,128.88038907594466
3,112.27466379663804
4,87.17489231522264
5,355.5622247706423
6,187.99741324418966
7,180.40630113141867
8,179.55739682539678
9,205.3790995842781
10,
11,
12,
