Month,Create-to-Closed Time
1,
2,
3,18.682954545454546
4,
5,21.411527777777778
6,
7,
8,2.859583333333333
9,
10,
11,
12,
