Month,Create-to-Closed Time
1,
2,1.3
3,60.316666666666656
4,0.6466666666666666
5,
6,
7,
8,
9,
10,
11,
12,
