Month,Create-to-Closed Time
1,103.34796296296294
2,
3,44.496944444444445
4,0.1247222222222222
5,2.05375
6,2159.318888888889
7,69.4225
8,0.7172222222222222
9,4.6752777777777785
10,
11,
12,
