Month,Create-to-Closed Time
1,0.7603703703703704
2,28.504325396825397
3,0.3594444444444444
4,1694.8216666666667
5,0.0211111111111111
6,0.0
7,
8,31.811759259259258
9,2.7198611111111113
10,
11,
12,
