Month,Create-to-Closed Time
1,12.721666666666666
2,90.08972222222222
3,
4,1243.0841666666668
5,
6,
7,2.3223611111111113
8,
9,
10,
11,
12,
