Month,Create-to-Closed Time
1,
2,0.1530555555555555
3,816.3588888888888
4,43.39333333333334
5,
6,24.920277777777777
7,2.069166666666667
8,425.5566666666667
9,146.0914814814815
10,
11,
12,
