Month,Create-to-Closed Time
1,125.47236111111108
2,20.524675925925926
3,22.578125
4,871.3844444444444
5,7.911277777777778
6,1.2499259259259254
7,3.233763888888889
8,4.076319444444445
9,6.91381313131313
10,
11,
12,
