Month,Create-to-Closed Time
1,100.9306111111111
2,11.889166666666666
3,30.243611111111107
4,2122.947222222222
5,
6,635.2755555555556
7,30.953611111111112
8,34.76833333333333
9,
10,
11,
12,
