Month,Create-to-Closed Time
1,
2,
3,1.2661111111111112
4,360.8675694444444
5,0.0575
6,
7,3.500555555555556
8,995.7411111111112
9,
10,
11,
12,
