Month,Create-to-Closed Time
1,
2,
3,171.98694444444445
4,
5,352.6045833333334
6,
7,
8,388.25444444444446
9,
10,
11,
12,
