Month,Create-to-Closed Time
1,51.39874523128275
2,94.55579536826126
3,91.90377401837925
4,84.52519534972367
5,65.78182051282053
6,179.71036968954277
7,129.7989071038252
8,157.5674429695182
9,158.79673870140138
10,
11,
12,
