Month,Create-to-Closed Time
1,6.735722222222224
2,3.0090972222222225
3,
4,0.0533333333333333
5,
6,1.7075
7,6.48125
8,0.19
9,0.4410185185185185
10,
11,
12,
