Month,Create-to-Closed Time
1,21.798503086419757
2,159.36450617283953
3,580.9668434343434
4,745.8793576388888
5,856.5087500000001
6,697.8670634920636
7,13.785555555555554
8,201.836875
9,132.13179487179488
10,
11,
12,
