Month,Create-to-Closed Time
1,
2,0.7341666666666666
3,89.16388888888888
4,0.0
5,1151.4431944444445
6,
7,39.757777777777775
8,
9,
10,
11,
12,
