Month,Create-to-Closed Time
1,5.689259259259259
2,10.325000000000001
3,78.9462962962963
4,3.267638888888889
5,841.4775925925925
6,0.22231481481481477
7,78.46645833333332
8,92.75458333333334
9,
10,
11,
12,
