Month,Create-to-Closed Time
1,16.92888888888889
2,22.036527777777778
3,168.00027777777777
4,
5,
6,2228.199722222222
7,
8,
9,11.367777777777778
10,
11,
12,
