Month,Create-to-Closed Time
1,4.200555555555556
2,
3,35.926249999999996
4,761.0448611111112
5,
6,1.6047222222222222
7,
8,0.6133333333333333
9,
10,
11,
12,
