Month,Create-to-Closed Time
1,3.135277777777778
2,
3,33.675370370370366
4,
5,
6,757.9572222222223
7,550.7473611111111
8,24.87868055555555
9,0.5769444444444445
10,
11,
12,
