Month,Create-to-Closed Time
1,
2,
3,24.0
4,1570.897222222222
5,
6,
7,
8,0.0711111111111111
9,
10,
11,
12,
