Month,Create-to-Closed Time
1,
2,
3,
4,
5,
6,48.755
7,65.6676984126984
8,0.19111111111111106
9,
10,
11,
12,
