Month,Create-to-Closed Time
1,2.854722222222222
2,
3,
4,
5,
6,
7,0.2922222222222222
8,0.2448148148148148
9,2.2670833333333333
10,
11,
12,
