Month,Create-to-Closed Time
1,14.369305555555556
2,
3,10.61088888888889
4,0.44125000000000003
5,0.49759259259259253
6,0.26898148148148143
7,35.76486111111111
8,27.570138888888888
9,0.15555555555555553
10,
11,
12,
