Month,Create-to-Closed Time
1,2.6275
2,259.841875
3,102.35388888888889
4,221.72462962962962
5,1087.7504166666668
6,0.3711111111111111
7,0.1732407407407407
8,
9,4.25111111111111
10,
11,
12,
