Month,Create-to-Closed Time
1,7.814783950617285
2,2.4086805555555557
3,6.52465811965812
4,18.61760416666667
5,8.437173202614378
6,7.270022222222223
7,8.826456916099774
8,12.358008385744233
9,4.600608747044918
10,
11,
12,
