Month,Create-to-Closed Time
1,0.4405555555555555
2,
3,
4,
5,0.0402777777777777
6,
7,
8,
9,
10,
11,
12,
