Month,Create-to-Closed Time
1,2.1827777777777775
2,359.0779166666667
3,
4,0.5296296296296297
5,
6,971.1036111111111
7,63.98833333333334
8,0.28861111111111104
9,
10,
11,
12,
