Month,Create-to-Closed Time
1,290.57
2,1017.8947222222222
3,52.86305555555555
4,
5,0.5549999999999999
6,0.1472222222222222
7,21.18027777777778
8,
9,4.6075
10,
11,
12,
