Month,Create-to-Closed Time
1,47.89472222222222
2,
3,
4,0.44
5,18.0
6,
7,9.09
8,0.6055555555555556
9,8.531666666666666
10,
11,
12,
