Month,Create-to-Closed Time
1,
2,42.199629629629634
3,
4,1354.2410185185186
5,
6,0.3869444444444444
7,
8,
9,
10,
11,
12,
