Month,Create-to-Closed Time
1,
2,
3,79.58583333333333
4,232.04111111111112
5,
6,
7,
8,
9,
10,
11,
12,
