Month,Create-to-Closed Time
1,16.50138888888889
2,0.0
3,25.975925925925925
4,
5,
6,
7,143.8711111111111
8,
9,
10,
11,
12,
