Month,Create-to-Closed Time
1,127.29777777777778
2,
3,23.33333333333333
4,
5,33.09097222222222
6,
7,
8,
9,22.29694444444444
10,
11,
12,
