Month,Create-to-Closed Time
1,
2,
3,
4,275.97314814814814
5,0.0994444444444444
6,
7,
8,
9,83.24277777777777
10,
11,
12,
