Month,Create-to-Closed Time
1,108.91324074074073
2,
3,
4,
5,
6,324.3263095238096
7,0.21291666666666664
8,37.27694444444444
9,0.2927777777777777
10,
11,
12,
