Month,Create-to-Closed Time
1,121.98333333333332
2,25.741944444444446
3,
4,0.1688888888888889
5,
6,15.89583333333333
7,21.861944444444443
8,94.34691919191918
9,0.12576388888888887
10,
11,
12,
