Month,Create-to-Closed Time
1,69.83231481481482
2,4.19212962962963
3,518.7936111111111
4,12.531722222222223
5,64.68787037037036
6,60.00479166666666
7,9.368958333333333
8,10.667944444444442
9,14.808333333333334
10,
11,
12,
