Month,Create-to-Closed Time
1,
2,0.4211111111111111
3,9.091388888888888
4,1996.1293055555557
5,1494.2177777777779
6,4.426527777777778
7,3.305555555555556
8,0.0
9,
10,
11,
12,
