Month,Create-to-Closed Time
1,23.529884259259266
2,15.564226190476193
3,722.75
4,0.21375
5,437.65716666666674
6,0.1719444444444444
7,7.58638888888889
8,34.23472222222221
9,205.4613888888889
10,
11,
12,
