Month,Create-to-Closed Time
1,10.08574074074074
2,20.70277777777778
3,665.1270833333333
4,653.2812499999999
5,216.48393518518515
6,350.3390555555556
7,210.6108333333333
8,43.484365079365084
9,0.5485416666666667
10,
11,
12,
