Month,Create-to-Closed Time
1,13.750952380952382
2,89.42123456790124
3,111.37458333333333
4,49.4931831831832
5,25.399227430555563
6,58.82622685185185
7,43.61303703703704
8,39.92497474747475
9,143.91209967320256
10,
11,
12,
