Month,Create-to-Closed Time
1,28.025666666666666
2,42.113166666666665
3,49.9872337962963
4,96.12974358974358
5,90.51521494708994
6,62.010433604336036
7,35.81803523035231
8,15.99684027777778
9,116.05013409961686
10,
11,
12,
