Month,Create-to-Closed Time
1,34.04899758454101
2,58.29374767549979
3,70.37038386068191
4,45.32687542087549
5,75.97503886815913
6,88.57506642512078
7,98.82332119741099
8,150.64914742810842
9,199.66421807959745
10,
11,
12,
