Month,Create-to-Closed Time
1,41.73874466632531
2,48.119670493197184
3,66.32403154224129
4,89.42828495910638
5,88.2919248109366
6,73.78036206077861
7,92.20804160206725
8,152.06564169644372
9,278.80515001935714
10,
11,
12,
