Month,Create-to-Closed Time
1,55.183224583644
2,64.75005078316201
3,97.83725815367615
4,73.66179662118263
5,90.96655414908577
6,94.26925541901338
7,92.2853432599266
8,150.4752961046427
9,245.92961227661237
10,
11,
12,
