Month,Create-to-Closed Time
1,34.05743251987428
2,68.34320607553367
3,89.73364687848388
4,72.63352807017534
5,125.85497273799001
6,112.3377151985637
7,120.80969776380157
8,164.92727759009037
9,264.2604772557794
10,
11,
12,
