Month,Create-to-Closed Time
1,35.87835840352987
2,53.02696508427931
3,96.44394889663192
4,83.78424501424502
5,58.281905120481966
6,72.46518291496395
7,61.39195800896439
8,130.2149304339367
9,247.98794585987278
10,
11,
12,
