Month,Create-to-Closed Time
1,41.862708805744546
2,56.26829672078957
3,76.13292647946861
4,53.72568529130845
5,84.69684671878706
6,84.83033183632739
7,132.9218674953493
8,175.92681691708418
9,166.22294002525246
10,
11,
12,
