Month,Create-to-Closed Time
1,46.601362884160764
2,61.91829861111105
3,126.39208234830569
4,106.45974067240661
5,77.001153250774
6,106.41192158931085
7,179.01843394077423
8,155.86736399262335
9,246.05802185257645
10,
11,
12,
