Month,Create-to-Closed Time
1,60.86627420998982
2,57.78519687162893
3,102.02294094794092
4,116.2739335664336
5,74.4926111111111
6,55.448518518518526
7,66.79708751902588
8,113.74662542794901
9,164.30968253968254
10,
11,
12,
