Month,Create-to-Closed Time
1,44.59061496467565
2,76.11804663252632
3,59.85667253521128
4,82.64019221411183
5,77.92359421702413
6,75.04316364580366
7,113.82862670472578
8,153.69122768063667
9,181.68934519614743
10,
11,
12,
