Month,Create-to-Closed Time
1,39.276788150042634
2,48.80324749642341
3,92.94095304333158
4,84.99221407624634
5,70.57113642500333
6,102.0108431346342
7,103.49074014192036
8,126.57248598598609
9,258.25608547725557
10,
11,
12,
