Month,Create-to-Closed Time
1,34.79824170124479
2,48.6663073038073
3,71.70966202494918
4,65.99230546507421
5,67.33031090723753
6,65.80863721651164
7,97.7589897557131
8,137.33563868003353
9,201.5021130104463
10,
11,
12,
