Month,Create-to-Closed Time
1,38.40397450914768
2,54.37448063973061
3,67.87040075757587
4,88.87856645652744
5,97.22736351495725
6,79.20630833139218
7,97.79668274958298
8,117.08062422744126
9,206.73000338753386
10,
11,
12,
