Month,Create-to-Closed Time
1,51.973002897581694
2,74.66790171957678
3,81.6408186223608
4,69.30541901814424
5,126.40648364447148
6,136.5077128635196
7,61.98402588238044
8,67.52748541565381
9,112.84152983576251
10,
11,
12,
