Month,Create-to-Closed Time
1,41.28782154528467
2,70.74160127123825
3,78.15811484986554
4,86.6077199621572
5,89.63160222804746
6,182.5546719952638
7,79.90454660347548
8,99.13229044834341
9,107.75750462000478
10,
11,
12,
