Month,Create-to-Closed Time
1,42.9154986338798
2,80.0068181818182
3,79.9942150359314
4,62.4583705508188
5,85.05214398890867
6,138.86875910194178
7,97.36799156391952
8,102.56087486830401
9,116.10757982404128
10,
11,
12,
