Month,Create-to-Closed Time
1,38.37143903404594
2,98.005993435799
3,100.17776292335117
4,101.14543582887701
5,153.07677078449726
6,234.15955465708277
7,154.14692508012823
8,138.46331724581745
9,147.95546283498402
10,
11,
12,
