Month,Create-to-Closed Time
1,41.65689196897099
2,113.65353744403758
3,101.14266370237156
4,60.88782238877007
5,107.44297833384229
6,196.45036179889507
7,86.01196607074161
8,87.30701627317609
9,95.92273827362293
10,
11,
12,
