Month,Create-to-Closed Time
1,43.924960831982716
2,84.94103820003578
3,80.13937373737375
4,129.2346812656889
5,115.51342467467467
6,171.32202209797617
7,96.4465995903737
8,95.33550349623481
9,123.51326616824707
10,
11,
12,
