Month,Create-to-Closed Time
1,34.85127858999352
2,86.94659818139971
3,89.35589790448357
4,80.0692917246406
5,153.41159604138502
6,174.46292787580708
7,99.63549586403677
8,112.79875955915448
9,125.56325436294145
10,
11,
12,
