Month,Create-to-Closed Time
1,44.944278784219
2,99.81350551260016
3,114.18086117511514
4,71.48077568134174
5,120.60677654455796
6,152.94801590658093
7,53.702214247153435
8,83.46931270118769
9,107.12971998293877
10,
11,
12,
