Month,Create-to-Closed Time
1,43.866872569206095
2,82.53468049205314
3,110.67999888761756
4,89.68514595103576
5,137.0542072515184
6,205.89729635389634
7,117.30355601551852
8,126.6881027735236
9,101.24888122512642
10,
11,
12,
