Month,Create-to-Closed Time
1,41.91149210807921
2,73.60233861753773
3,99.53628554059136
4,84.24240263459333
5,143.87272832550852
6,195.5672732820701
7,82.70286941030913
8,124.52673178837664
9,105.85251016260165
10,
11,
12,
