Month,Create-to-Closed Time
1,27.43121855345912
2,39.76955555555555
3,89.23586569579284
4,27.963523035230352
5,77.37342320261432
6,111.72990828092243
7,56.23112523540494
8,178.0603790509259
9,220.0449552572706
10,
11,
12,
