Month,Create-to-Closed Time
1,45.6564551385526
2,70.57121867761647
3,105.41746991775683
4,60.84042848988909
5,104.79307176513241
6,121.82254551772854
7,87.18733732236345
8,109.42079237621557
9,104.19293783521252
10,
11,
12,
