Month,Create-to-Closed Time
1,37.24615145709973
2,68.19169522035997
3,80.90157956178163
4,93.19681276297337
5,133.4045405711052
6,134.04804378677744
7,143.20695747077872
8,124.48132704288395
9,172.9036065505806
10,
11,
12,
