Month,Create-to-Closed Time
1,39.043142391515936
2,82.10477220117842
3,103.67026299694194
4,83.60114516492187
5,130.74279269972456
6,162.43524509803933
7,101.99382692711603
8,140.47021921605395
9,205.65991694124108
10,
11,
12,
