Month,Create-to-Closed Time
1,38.82359890109881
2,66.68397971714097
3,69.08743611584332
4,66.9220864369957
5,111.57058222222243
6,195.36350751366052
7,85.120634897829
8,105.49251051957566
9,161.10437735014372
10,
11,
12,
