Month,Create-to-Closed Time
1,45.224917521367566
2,104.5763545321639
3,142.17471783000994
4,71.08019876223396
5,151.01884456478126
6,231.82171529479484
7,158.8720635282594
8,148.42394716017387
9,149.91789663312218
10,
11,
12,
