Month,Create-to-Closed Time
1,33.67920998570922
2,62.54036772486758
3,78.8974886363637
4,58.32279508547001
5,72.12443425734632
6,87.21691106538661
7,76.10242706992715
8,112.86070982142837
9,138.60248779869426
10,
11,
12,
