Month,Create-to-Closed Time
1,31.7631605204342
2,44.470227442207324
3,76.51914302600478
4,57.13407727652468
5,74.73062153722168
6,97.23372017589696
7,74.3678030094504
8,143.34557195571955
9,143.7001132009753
10,
11,
12,
