Month,Create-to-Closed Time
1,51.80567574786318
2,103.13051095396574
3,83.4567355801001
4,17.117321137760047
5,28.97787884585952
6,48.431194165004015
7,30.767393382841753
8,24.01997367445644
9,22.71613295825845
10,
11,
12,
