Month,Create-to-Closed Time
1,42.97150413711581
2,86.44499510954608
3,115.56951709401699
4,120.07274975271999
5,120.51684743516954
6,202.05612795921894
7,182.73273950131204
8,135.093371749409
9,139.92265157004837
10,
11,
12,
