Month,Create-to-Closed Time
1,34.08932019255788
2,55.52787103650419
3,68.8865549924925
4,53.984501061571194
5,70.68041248879098
6,81.9278231077379
7,75.38231054951311
8,85.4964427660289
9,91.64543595187548
10,
11,
12,
