Month,Create-to-Closed Time
1,59.37661507936507
2,107.2051079408213
3,97.07835994040019
4,45.85690108759552
5,152.09423938062358
6,138.8975324149109
7,136.7161888406845
8,132.71638257575768
9,150.10106373815677
10,
11,
12,
