Month,Create-to-Closed Time
1,23.056293061620572
2,55.39579236315963
3,86.11768189509307
4,65.68277008547014
5,91.26714130434782
6,67.05096872082157
7,75.81761385459535
8,97.48448611111105
9,179.8417364498643
10,
11,
12,
