Month,Create-to-Closed Time
1,40.740456891317564
2,66.4467066758116
3,67.37136919568827
4,68.42512332872293
5,124.34949850299401
6,138.9676021241829
7,166.4720031911807
8,137.83392112482875
9,95.15422637590858
10,
11,
12,
