Month,Create-to-Closed Time
1,35.25249975908266
2,65.63825962267731
3,85.68984722222226
4,102.35810087438666
5,137.67969434720615
6,166.37828691196017
7,86.24349366071817
8,69.51816126163106
9,94.20012446191289
10,
11,
12,
