Month,Create-to-Closed Time
1,51.990697399527185
2,70.74918021680219
3,85.85797281323876
4,13.916926328502415
5,339.1703958333334
6,71.85978737997253
7,93.59551388888887
8,116.99777199074072
9,459.69732638888894
10,
11,
12,
