Month,Create-to-Closed Time
1,44.82057563587684
2,59.98047939068103
3,153.31870580808086
4,69.87938786008232
5,444.1667887931033
6,150.0542416225749
7,180.32279940801456
8,265.616001506024
9,339.72782169521304
10,
11,
12,
