Month,Create-to-Closed Time
1,25.45064814814815
2,
3,9.550555555555556
4,7.938611111111111
5,0.42727777777777776
6,7.679444444444443
7,106.35314814814814
8,299.523125
9,0.5223333333333333
10,
11,
12,
