Month,Create-to-Closed Time
1,40.52827777777778
2,33.3574358974359
3,101.08681524547808
4,179.6275511695907
5,449.2066152263375
6,194.9648108747045
7,110.77788807189546
8,129.6531528791565
9,155.29804861111103
10,
11,
12,
