Month,Create-to-Closed Time
1,27.79117510367511
2,63.342969967904665
3,54.846089089785195
4,66.10709302325583
5,73.63500307091013
6,64.41651506591334
7,58.89751779998704
8,170.21460927960936
9,313.1328511966703
10,
11,
12,
