Month,Create-to-Closed Time
1,35.573453226761366
2,52.92313321898236
3,70.8112435965378
4,59.2888361823362
5,94.98279471053064
6,55.797557734204766
7,113.86636305584595
8,170.3345536861784
9,216.2265339434061
10,
11,
12,
