Month,Create-to-Closed Time
1,42.43790150412418
2,89.37787334762417
3,105.47228466838943
4,62.94265586034912
5,78.25405311890835
6,57.532032113588734
7,99.29786805555555
8,213.2805426570847
9,190.13325204312298
10,
11,
12,
