Month,Create-to-Closed Time
1,37.628231048805816
2,59.23588445216045
3,59.70572557101153
4,73.84365868408297
5,73.24412782599396
6,61.80021072013085
7,58.45442171071327
8,155.54169023064958
9,287.7125796244423
10,
11,
12,
