Month,Create-to-Closed Time
1,26.793499999999998
2,136.61748263888893
3,76.8801388888889
4,26.653684640522872
5,3.2929211469534034
6,7.770392857142856
7,5.010196256038647
8,6.81965010683761
9,27.645805555555548
10,
11,
12,
