Month,Create-to-Closed Time
1,35.83083999632389
2,45.453284034888114
3,60.50062407596946
4,64.03063487548981
5,87.70888396156673
6,56.221774778634654
7,52.87468516557849
8,125.38101267116282
9,144.49119741463065
10,
11,
12,
