Month,Create-to-Closed Time
1,34.98035274183609
2,41.88443868312754
3,74.58342008270398
4,64.80544370493618
5,89.61616446725306
6,71.58439165042222
7,73.31713642908569
8,133.46841261808373
9,212.2365594487704
10,
11,
12,
