Month,Create-to-Closed Time
1,31.63510259465178
2,51.04922005571033
3,64.96363305405931
4,102.58400043554003
5,90.29326732267322
6,105.2253879870129
7,90.63117409370493
8,104.92493682450805
9,125.22086922948486
10,
11,
12,
