Month,Create-to-Closed Time
1,34.433801817149345
2,73.54347691894792
3,90.65044964899532
4,77.27725457641567
5,66.87151675264893
6,77.3991166984649
7,107.27681181808062
8,107.17000989465109
9,140.9395987505363
10,
11,
12,
