Month,Create-to-Closed Time
1,31.70953167185881
2,50.00396957549588
3,77.29861258083486
4,66.22311970534072
5,75.01218560905004
6,74.63415069545535
7,110.92213471642711
8,170.2065218997718
9,244.0575562472693
10,
11,
12,
