Month,Create-to-Closed Time
1,42.768452584975655
2,66.26833043377411
3,85.30112168396776
4,71.51354436124353
5,112.43921636404005
6,104.51432623728348
7,153.1032158434191
8,151.64931600078322
9,150.34321684587812
10,
11,
12,
