Month,Create-to-Closed Time
1,53.37876811594207
2,81.28933015580138
3,88.32128451178448
4,73.54918877254215
5,92.99674856399209
6,97.95899873856872
7,144.56148270158903
8,141.34936203145924
9,190.87059357782383
10,
11,
12,
