Month,Create-to-Closed Time
1,32.11771469989029
2,58.211991906474765
3,68.41263249133236
4,54.93341456338848
5,86.52430221757793
6,167.8516478119795
7,91.65772181522173
8,172.7072312202483
9,173.71582667690726
10,
11,
12,
