Month,Create-to-Closed Time
1,33.87126331557921
2,56.81504976019188
3,72.37252201777153
4,52.086735353535246
5,63.69623154334743
6,114.77372757126415
7,92.99185769153033
8,135.34785081005234
9,235.41936751309083
10,
11,
12,
