Month,Create-to-Closed Time
1,42.879720659163944
2,73.78407999653315
3,68.80646269177133
4,80.05738463873706
5,89.70686511954983
6,86.06119509482325
7,103.5071184844967
8,130.93345335717828
9,142.53665212681022
10,
11,
12,
