Month,Create-to-Closed Time
1,58.305147754137074
2,95.6187447478992
3,82.74188827098091
4,82.91515772128055
5,73.37802279345897
6,130.27355945821873
7,181.08485022742067
8,163.928337143253
9,256.13020299884704
10,
11,
12,
