Month,Create-to-Closed Time
1,33.90409241891366
2,62.54361434945309
3,70.95131274003438
4,96.63939294403886
5,123.21129638593086
6,83.25769355555565
7,138.92666641820705
8,161.61180187985735
9,175.91870442920884
10,
11,
12,
