Month,Create-to-Closed Time
1,37.65069306433808
2,68.26732146931334
3,76.87314241001557
4,107.16390995926399
5,92.0729489474826
6,116.41951001075526
7,137.87812329475955
8,160.53223974512122
9,169.52884565916398
10,
11,
12,
