Month,Create-to-Closed Time
1,46.09638154027037
2,64.51717924528316
3,97.33105561522856
4,77.8082875741171
5,89.88651162131526
6,106.06899204573695
7,114.33986225328965
8,127.28887138382196
9,159.21685616495554
10,
11,
12,
