Month,Create-to-Closed Time
1,44.990766903446435
2,71.52258842925657
3,90.07799579124574
4,70.0867717463011
5,59.23517083715952
6,158.07393613412776
7,157.1423705777346
8,139.4051423574979
9,217.59644927536223
10,
11,
12,
