Month,Create-to-Closed Time
1,25.385518310582686
2,44.61981562444799
3,54.83126932886985
4,76.05623181530676
5,99.7135871772556
6,76.49694351790093
7,130.30141381766379
8,125.14163547758295
9,223.48779277912652
10,
11,
12,
