Month,Create-to-Closed Time
1,44.7944314194577
2,79.54048186974593
3,87.19205244332967
4,74.55637433862448
5,68.13632986787967
6,105.92460580747793
7,152.2700046850441
8,131.26859202714164
9,159.7340265176973
10,
11,
12,
