Month,Create-to-Closed Time
1,49.014862888482654
2,75.17081837408438
3,72.98096471471453
4,71.40250942460314
5,70.60437698412693
6,125.61555180338623
7,138.1495830737284
8,155.74102113465628
9,159.31122075163407
10,
11,
12,
