Month,Create-to-Closed Time
1,47.55476030072255
2,56.82915252612403
3,79.24644471566761
4,84.49195746527789
5,94.7612112162872
6,89.37362221053867
7,115.77190755322259
8,109.25597064556818
9,142.7274487484425
10,
11,
12,
