Month,Create-to-Closed Time
1,42.49197146866233
2,66.44596629403789
3,85.92821823337177
4,71.18219912280716
5,77.77140542050842
6,103.22570231914149
7,115.57551801801796
8,158.03789211374956
9,184.95467119398418
10,
11,
12,
