Month,Create-to-Closed Time
1,25.605022799181103
2,60.99239452798667
3,103.27994006849315
4,87.42326514643426
5,76.96459722222217
6,51.96394455359097
7,132.4847825947335
8,148.18968339614037
9,233.13196827629326
10,
11,
12,
