Month,Create-to-Closed Time
1,37.766000853186306
2,80.15064783665083
3,72.66752521881024
4,55.187711423792834
5,81.94496595180881
6,101.44370762711858
7,191.6461096442097
8,139.4752679608428
9,121.94334759268573
10,
11,
12,
