Month,Create-to-Closed Time
1,35.926857870370334
2,50.92240897943777
3,80.51030541261693
4,81.5347510862818
5,91.94639546051961
6,98.34333475575065
7,154.64468989133746
8,160.55092220805912
9,249.88612358940915
10,
11,
12,
