Month,Create-to-Closed Time
1,43.494132125856304
2,65.80300898036595
3,72.07894657746758
4,96.13830003505086
5,86.22324714299424
6,106.78803823689236
7,215.6751361626075
8,151.08695366204208
9,231.79551986343895
10,
11,
12,
