Month,Create-to-Closed Time
1,46.94919648943419
2,50.93885973936897
3,65.40976485788116
4,63.830991330139156
5,74.89615124458864
6,80.47500562662866
7,93.26855562448303
8,115.90308228579694
9,174.85957847350136
10,
11,
12,
