Month,Create-to-Closed Time
1,46.41981972789104
2,78.82349596669275
3,69.6672411568078
4,46.74100906780074
5,69.62425602791893
6,83.01810223835457
7,197.39956419422109
8,157.08838014571927
9,148.50449894953798
10,
11,
12,
