Month,Create-to-Closed Time
1,39.82654065307917
2,66.99194561157799
3,81.96860738255029
4,58.60954183993575
5,43.59174188234271
6,95.03969579516118
7,125.71546988211279
8,114.88777672631333
9,123.59298564985653
10,
11,
12,
