Month,Create-to-Closed Time
1,44.89958351441397
2,67.77639802130892
3,101.0890124982831
4,74.71824321587681
5,57.12860666853709
6,77.25313102864307
7,147.2616039426524
8,107.49476458951541
9,148.43370301834028
10,
11,
12,
