Month,Create-to-Closed Time
1,31.921539474879552
2,62.878743022643455
3,69.27154983594913
4,111.02583933470497
5,89.4363345320766
6,77.04367436431316
7,81.7975700576406
8,110.15271860436575
9,181.77066873034576
10,
11,
12,
