Month,Create-to-Closed Time
1,41.937500000000014
2,64.23506809338522
3,65.79827335299902
4,82.83312733275915
5,84.80634376387039
6,177.1856296296294
7,115.02269166086771
8,126.63598148148141
9,201.71432187583264
10,
11,
12,
