Month,Create-to-Closed Time
1,39.69608270794243
2,50.72267293028317
3,68.17601446837162
4,80.58140521097816
5,101.2055610473358
6,90.0794172665392
7,123.93786652191882
8,152.82007408512337
9,119.49156359085826
10,
11,
12,
