Month,Create-to-Closed Time
1,45.97211151187251
2,64.00028771023706
3,86.83358165374668
4,90.37242001163457
5,77.10085450227159
6,90.19041988490086
7,117.30264840665525
8,123.46040382487723
9,187.423697679292
10,
11,
12,
