Month,Create-to-Closed Time
1,44.021999745158006
2,64.33018653690196
3,79.68624248633881
4,76.91912037037031
5,94.1967708333333
6,85.8369254025522
7,129.82369364754123
8,181.02464488017446
9,244.43250508249258
10,
11,
12,
