Month,Create-to-Closed Time
1,36.42295446113892
2,62.91289674849266
3,70.85565925925927
4,59.986481682333086
5,66.55995395395401
6,140.01899470899505
7,90.97647975882855
8,119.05567278972525
9,139.30735884044816
10,
11,
12,
