Month,Create-to-Closed Time
1,44.71212928464981
2,61.40860399965518
3,83.4373051587302
4,73.9846036048559
5,80.81213972673393
6,135.516433216851
7,176.89840619562486
8,213.2111685573008
9,266.1363139789096
10,
11,
12,
