Month,Create-to-Closed Time
1,46.9508736086702
2,80.60771355472023
3,88.20126719576716
4,93.8444683768959
5,72.20041984328684
6,147.12658946513048
7,149.95124720143306
8,125.79410469864249
9,192.7516226542852
10,
11,
12,
