Month,Create-to-Closed Time
1,49.10661181882525
2,97.09591620941941
3,92.00097958382426
4,88.66827095674044
5,73.1462982216622
6,91.30720401606433
7,138.23979722373417
8,102.1077167883624
9,116.50233727718744
10,
11,
12,
