Month,Create-to-Closed Time
1,50.9800440379404
2,70.4850537634409
3,40.737150072150065
4,67.67550256904306
5,95.68190258751902
6,60.7642118055556
7,137.3551825842696
8,179.91809444444442
9,146.33256473634648
10,
11,
12,
