Month,Create-to-Closed Time
1,101.7566167200855
2,224.28500151998762
3,117.11799269452922
4,122.29438034188037
5,78.3900214097497
6,73.86271206122986
7,114.89586194095037
8,142.89481036223657
9,294.5030666566885
10,
11,
12,
