Month,Create-to-Closed Time
1,
2,
3,18.333148148148148
4,9.928842592592593
5,65.62916666666666
6,73.03833333333334
7,23.52805555555556
8,47.719166666666666
9,
10,
11,
12,
