Month,Create-to-Closed Time
1,21.766666666666666
2,24.95
3,
4,
5,
6,348.50357142857143
7,680.1683333333333
8,
9,
10,
11,
12,
