Month,Create-to-Closed Time
1,38.222988019732256
2,82.92488186462327
3,73.17742623979905
4,44.71947937212355
5,51.58180727023317
6,42.3654580616291
7,66.39749277561044
8,92.48739035087712
9,142.11333971902943
10,
11,
12,
