Month,Create-to-Closed Time
1,
2,3.7594444444444446
3,1.0716666666666663
4,1.27125
5,743.4303703703704
6,
7,
8,
9,120.85583333333334
10,
11,
12,
