Month,Create-to-Closed Time
1,40.42502481863302
2,61.13955890392238
3,81.70236794717881
4,89.547668504902
5,120.93425978760514
6,138.09613932719705
7,166.81406938932963
8,249.22237469806745
9,303.18264993545824
10,
11,
12,
