Month,Create-to-Closed Time
1,29.677720754290874
2,65.02438590449948
3,92.23278156811784
4,110.55095747295962
5,115.26213637964445
6,88.42851533701946
7,165.45167831209744
8,162.18843698819055
9,315.5309396724403
10,
11,
12,
