Month,Create-to-Closed Time
1,44.48085566525628
2,69.86701244642266
3,73.91250796044912
4,98.94464573268928
5,100.98266094088511
6,109.64612039417325
7,246.74185559519086
8,201.08429848008402
9,319.8425454666136
10,
11,
12,
