Month,Create-to-Closed Time
1,22.035046541250253
2,40.037920595304065
3,45.46587934904588
4,79.08214461850883
5,79.77335406946591
6,67.17667520796202
7,186.53242017133968
8,145.6180373406193
9,303.6484965508746
10,
11,
12,
