Month,Create-to-Closed Time
1,25.519605847953212
2,54.03262660991049
3,100.04156490649063
4,75.58757052389181
5,100.841627425044
6,117.55020708467785
7,143.64255054012344
8,214.90850967974455
9,338.3272363339276
10,
11,
12,
