Month,Create-to-Closed Time
1,0.029583333333333246
2,
3,
4,1.4238071895424835
5,89.98231481481481
6,0.10838888888888887
7,748.9635555555556
8,51.82675925925926
9,15.49972222222222
10,
11,
12,
