Month,Create-to-Closed Time
1,28.742255625879015
2,57.803489803094216
3,88.5035440394838
4,225.61091965812008
5,153.39520974012694
6,111.52700248756223
7,58.63107629727351
8,147.0369120413922
9,195.1758155148275
10,
11,
12,
