Month,Create-to-Closed Time
1,43.45240937746254
2,72.56962550294033
3,69.17988239538231
4,120.20448742138377
5,153.38384247714055
6,121.56693482688385
7,164.27793141172015
8,180.37865881032562
9,408.81650889271367
10,
11,
12,
