Month,Create-to-Closed Time
1,44.726894087069546
2,92.1086483739837
3,85.25963182117025
4,156.73058691756273
5,223.71719120135367
6,109.3567492492492
7,210.28759259259255
8,210.80390277777778
9,415.88738394216125
10,
11,
12,
