Month,Create-to-Closed Time
1,29.47949552341598
2,51.17021687158464
3,66.20572677595639
4,68.20356360384541
5,79.76704159077102
6,106.7617695883134
7,116.33452110968487
8,123.74994134078219
9,257.7885923116818
10,
11,
12,
