Month,Create-to-Closed Time
1,48.557880658436254
2,74.93254987960107
3,103.54700606750089
4,125.52223003123603
5,169.74060699588472
6,98.45575942915396
7,202.59490481420468
8,176.64657220351648
9,363.40906606304475
10,
11,
12,
