Month,Create-to-Closed Time
1,24.98345425097621
2,52.73893352719107
3,58.803264350313775
4,52.89644001363336
5,64.64275734828324
6,56.985281774580244
7,91.14827536231893
8,93.8549763038547
9,172.3978678616089
10,
11,
12,
