Month,Create-to-Closed Time
1,41.118322304935226
2,120.88361259259243
3,84.97794339841937
4,122.79923630895867
5,98.38678555330182
6,81.4652953834116
7,72.18788829682263
8,195.67128463296197
9,309.14221421290256
10,
11,
12,
