Month,Create-to-Closed Time
1,14.026084601198713
2,23.90585563665857
3,32.201643279877864
4,37.065300713557605
5,25.44131384742953
6,33.28938106416274
7,89.99444928471549
8,49.278737755847885
9,88.85508951230271
10,
11,
12,
