Month,Create-to-Closed Time
1,48.22532029478458
2,66.46732473544974
3,89.63927255225524
4,212.65706580366782
5,183.5552418300654
6,246.41354845446958
7,456.2287407407411
8,184.51610873694196
9,784.6437724466892
10,
11,
12,
