Month,Create-to-Closed Time
1,30.580218518518517
2,73.92106362773028
3,92.4078822412156
4,44.369457939721066
5,81.99853413654616
6,154.5317056309703
7,365.52721915849685
8,157.72881177707688
9,645.6200071592214
10,
11,
12,
