Month,Create-to-Closed Time
1,46.17503978878476
2,75.28458742833753
3,87.25227503676976
4,92.3246977466977
5,84.17574250936332
6,80.07441227532664
7,135.6116144566099
8,165.12931178899797
9,268.21501376376386
10,
11,
12,
