Month,Create-to-Closed Time
1,33.4675261060731
2,60.50662240405783
3,77.95689014675071
4,80.85831697254233
5,69.73219360134895
6,78.9422068896855
7,83.41355169242085
8,124.85029021326886
9,275.06812551115814
10,
11,
12,
