Month,Create-to-Closed Time
1,24.433505411804497
2,51.80583778173193
3,70.82625173921689
4,93.83930916732322
5,69.95470082364353
6,112.8917656449553
7,93.81950252223547
8,111.18389824342579
9,345.3463167620412
10,
11,
12,
