Month,Create-to-Closed Time
1,42.535706506754856
2,69.8135075187971
3,76.27530185576687
4,71.68340539991874
5,54.92998107136098
6,80.96293595678988
7,47.91030198051134
8,170.4900920468603
9,209.7521634783369
10,
11,
12,
