Month,Create-to-Closed Time
1,28.614999999999984
2,46.68053991905816
3,77.6971354642314
4,118.32224337748342
5,122.6690996649916
6,53.667067901234574
7,87.7640005537099
8,132.73995102437567
9,196.1791980435584
10,
11,
12,
