Month,Create-to-Closed Time
1,31.69576899429075
2,67.16439601005354
3,67.68737211833393
4,69.2692685012437
5,85.83014337508237
6,64.39533339495912
7,52.71287190213604
8,117.57314625850385
9,206.92466537327803
10,
11,
12,
