Month,Create-to-Closed Time
1,20.08732104700854
2,47.052674382716084
3,56.5924974347699
4,66.37717783269264
5,108.10125680827893
6,74.02290053509603
7,72.39808030803079
8,130.0380810257748
9,296.3868086706196
10,
11,
12,
