Month,Create-to-Closed Time
1,76.95743055555555
2,12.16986111111111
3,0.0433333333333333
4,4.800138888888889
5,504.7347222222222
6,271.2396527777778
7,
8,24.667777777777776
9,787.85
10,
11,
12,
