Month,Create-to-Closed Time
1,37.07134535301915
2,62.943477433387706
3,70.7694558321132
4,67.9760048213894
5,121.31307642903025
6,96.04489305999296
7,141.34121124923266
8,168.39932230342419
9,228.84697846567963
10,
11,
12,
