Month,Create-to-Closed Time
1,30.17055963894259
2,45.68598911574482
3,54.10467568491331
4,52.56706475852745
5,77.00773311048547
6,87.05236303825637
7,92.74857598886324
8,109.94353596268026
9,209.87278949567607
10,
11,
12,
