Month,Create-to-Closed Time
1,39.59054406130274
2,81.07635797264373
3,62.621344193817826
4,67.00092489482807
5,129.84735893530603
6,83.24093955159182
7,74.69083456653111
8,174.9775968436152
9,247.10529489637497
10,
11,
12,
