Month,Create-to-Closed Time
1,28.849799110064154
2,46.01679606428755
3,45.52047224875305
4,87.53657346730746
5,100.18593548387099
6,62.34770833333323
7,51.86127857870973
8,151.2660372765007
9,179.8717624574431
10,
11,
12,
