Month,Create-to-Closed Time
1,38.08249389499393
2,63.92333333333335
3,88.19123499999989
4,127.73702215608442
5,197.67814853801175
6,66.46173198954833
7,101.84547599245954
8,125.97515145340945
9,270.2558575860125
10,
11,
12,
