Month,Create-to-Closed Time
1,38.688683441058785
2,90.57341379310338
3,95.5910741811175
4,30.711563307493535
5,37.939251746675765
6,91.50435071991312
7,120.55033767361101
8,205.45977554563478
9,347.0543695701877
10,
11,
12,
