Month,Create-to-Closed Time
1,33.73378099838971
2,79.84931271477659
3,61.176790328534544
4,101.37513973063975
5,128.4781850961536
6,59.17875944352305
7,82.21709262280234
8,141.87574282517096
9,254.19122154706804
10,
11,
12,
