Month,Create-to-Closed Time
1,25.869941639522285
2,48.2210577814877
3,63.163300132802085
4,141.1947751710655
5,115.49441791044775
6,45.401567155692014
7,93.07631071190953
8,190.58592123511173
9,191.50989227522584
10,
11,
12,
