Month,Create-to-Closed Time
1,41.94883811858081
2,68.54696897102453
3,91.07062256049959
4,123.49311989100829
5,86.35595910939846
6,114.24917869294843
7,147.03847466960343
8,170.34944773732263
9,321.61841425551563
10,
11,
12,
