Month,Create-to-Closed Time
1,43.58415891987604
2,73.55527062470195
3,71.53757189542488
4,64.3479552469136
5,169.11684144818977
6,73.8617983963345
7,66.85082860520087
8,164.96949944536868
9,217.82315560526962
10,
11,
12,
