Month,Create-to-Closed Time
1,35.02432893289327
2,69.59683409436838
3,45.064611911294065
4,59.4605625657203
5,99.48810601773265
6,55.83652874631955
7,46.15466086125811
8,142.79359382086156
9,193.23152618865987
10,
11,
12,
