Month,Create-to-Closed Time
1,41.01119481236204
2,70.9175837138508
3,65.66941525423735
4,131.30070388349506
5,156.54527528276768
6,84.61422051127218
7,69.04924186617555
8,162.6592516261782
9,262.01135391247766
10,
11,
12,
