Month,Create-to-Closed Time
1,26.621183127572007
2,54.61238244645243
3,95.81861273554259
4,66.07225046366543
5,84.74790287153118
6,127.62160715643769
7,41.27097194201598
8,114.49155021759829
9,181.7311113012397
10,
11,
12,
