Month,Create-to-Closed Time
1,31.84618211610485
2,63.670869963369995
3,87.4784183006536
4,116.62289583333347
5,102.63698221247571
6,114.25600785116927
7,125.87977777777782
8,154.2632124115902
9,250.96855446458545
10,
11,
12,
