Month,Create-to-Closed Time
1,30.647013058875615
2,52.05441550925928
3,53.97920923797358
4,48.45313443072704
5,243.55361009732337
6,161.98812854308395
7,146.23856471306487
8,183.82473641870155
9,363.2964232982983
10,
11,
12,
