Month,Create-to-Closed Time
1,45.58541714069019
2,79.82103046594983
3,90.36284278959813
4,181.02912111111115
5,124.06802235502428
6,167.8798066748067
7,83.57568794671856
8,214.12028236493404
9,360.6139759643064
10,
11,
12,
