Month,Create-to-Closed Time
1,24.978230994152007
2,46.34608560497369
3,57.94550403516352
4,111.36656309751434
5,136.81976173499692
6,72.54540193462304
7,52.79762476459506
8,159.13386920068493
9,277.2762494745693
10,
11,
12,
