Month,Create-to-Closed Time
1,43.52642340565418
2,91.49325490196075
3,106.10508547008543
4,109.00955917874391
5,219.28533261802573
6,172.29134126984144
7,163.81464802130924
8,194.88968203737207
9,342.7737842827003
10,
11,
12,
