Month,Create-to-Closed Time
1,37.33857235142121
2,84.58897686832745
3,67.07193930041159
4,78.54006324404762
5,118.11739596337907
6,75.15866617063487
7,75.26687353286385
8,151.50981000312098
9,241.77366637831588
10,
11,
12,
