Month,Create-to-Closed Time
1,38.67481409704277
2,55.02027742301693
3,87.46791287565483
4,65.49810386473442
5,92.62594895512166
6,75.85296554694224
7,89.21606344772543
8,139.7809752237502
9,279.02534570890515
10,
11,
12,
