Month,Create-to-Closed Time
1,36.25409219001609
2,279.1361872427983
3,530.0928883744854
4,1289.1681810699583
5,1625.6882832422589
6,1300.6797489316234
7,141.83288194444444
8,173.3309722222222
9,494.6310130718955
10,
11,
12,
