Month,Create-to-Closed Time
1,35.67967070851172
2,77.63841121853898
3,77.35937525191467
4,104.52855905380642
5,109.67523332072115
6,86.02212669230158
7,133.98651328903668
8,142.8770122872724
9,300.40291959064365
10,
11,
12,
