Month,Create-to-Closed Time
1,34.971092160382995
2,53.7317885586636
3,64.15402053510572
4,100.41974502487554
5,129.12617306155062
6,81.35268405706552
7,131.93860541427432
8,145.59087589439932
9,200.1010937353247
10,
11,
12,
