Month,Create-to-Closed Time
1,40.30115974282886
2,48.16534145441123
3,56.50911749482404
4,92.9737405468296
5,108.61757344386274
6,89.36096383296046
7,144.77911724327288
8,138.09708011760392
9,252.1337483366599
10,
11,
12,
