Month,Create-to-Closed Time
1,38.6895375934829
2,67.57431003584226
3,92.61054067460304
4,114.01844804702303
5,128.02479227053126
6,82.10772241070599
7,87.75846697351412
8,152.00780220505732
9,277.21419193620846
10,
11,
12,
