Month,Create-to-Closed Time
1,41.39652157311955
2,108.29211365414704
3,114.3410709635415
4,105.95363522686672
5,78.1989784121138
6,60.810196744050174
7,45.32862081128741
8,81.56928701456306
9,255.46748696145124
10,
11,
12,
