Month,Create-to-Closed Time
1,328.9411111111112
2,299.6521296296296
3,16.24361111111111
4,17.096944444444443
5,159.54246212121214
6,71.44274904214559
7,53.496188888888874
8,191.19454365079363
9,191.18537500000002
10,
11,
12,
