Month,Create-to-Closed Time
1,43.315718259411625
2,77.11026681286555
3,108.89213502109692
4,91.02895343277861
5,106.89958824354657
6,155.03938462596278
7,140.30884745931914
8,212.7585869456899
9,453.49632322175705
10,
11,
12,
