Month,Create-to-Closed Time
1,54.25239635157542
2,46.81676509186353
3,54.214528664302605
4,63.272739290495316
5,44.22968354430381
6,45.482106660924465
7,88.79848929663609
8,115.37990070387136
9,248.39362903225805
10,
11,
12,
