Month,Create-to-Closed Time
1,42.421005231689065
2,65.43312654320988
3,91.03744883040937
4,78.75660180485055
5,156.30943009430112
6,148.32644907407393
7,67.19620254048021
8,198.0097790227203
9,723.9557727587403
10,
11,
12,
