Month,Create-to-Closed Time
1,11.330694444444445
2,
3,
4,29.171180555555555
5,476.10388888888883
6,12.893888888888888
7,3.366990740740741
8,23.04694444444444
9,16.37472222222222
10,
11,
12,
