Month,Create-to-Closed Time
1,2.250925925925926
2,18.609055555555553
3,5.338888888888889
4,
5,0.6030555555555555
6,0.18244444444444438
7,323.70909722222217
8,0.6279861111111111
9,1.027388888888889
10,
11,
12,
