Month,Create-to-Closed Time
1,
2,
3,
4,1.1994444444444443
5,0.26541666666666663
6,1.181388888888889
7,
8,
9,
10,
11,
12,
