Month,Create-to-Closed Time
1,39.53883950788485
2,69.99303860428925
3,82.03104107733962
4,77.99827333755027
5,93.01920761319917
6,111.77353249405448
7,104.78854697248008
8,120.65441893876228
9,169.298663034937
10,
11,
12,
